movieNm,openDt,audiAcc,link,images
신의 한 수: 귀수편,2019-11-07,1070972,https://movie.naver.com/movie/bi/mi/basic.nhn?code=179159,https://ssl.pstatic.net/imgmovie/mdi/mit110/1791/179159_P50_104524.jpg
터미네이터: 다크 페이트,2019-10-30,2060361,https://movie.naver.com/movie/bi/mi/basic.nhn?code=167605,https://ssl.pstatic.net/imgmovie/mdi/mit110/1676/167605_P40_140111.jpg
82년생 김지영,2019-10-23,3174028,https://movie.naver.com/movie/bi/mi/basic.nhn?code=179482,https://ssl.pstatic.net/imgmovie/mdi/mit110/1794/179482_P26_155441.jpg
아담스 패밀리,2019-11-07,209769,https://movie.naver.com/movie/bi/mi/basic.nhn?code=184357,https://ssl.pstatic.net/imgmovie/mdi/mit110/1843/184357_P12_104437.jpg
날씨의 아이,2019-10-30,520369,https://movie.naver.com/movie/bi/mi/basic.nhn?code=181114,https://ssl.pstatic.net/imgmovie/mdi/mit110/1811/181114_P00_152033.jpg
말레피센트 2,2019-10-17,1432023,https://movie.naver.com/movie/bi/mi/basic.nhn?code=167635,https://ssl.pstatic.net/imgmovie/mdi/mit110/1676/167635_P27_100146.jpg
조커,2019-10-02,5223196,https://movie.naver.com/movie/bi/mi/basic.nhn?code=167613,https://ssl.pstatic.net/imgmovie/mdi/mit110/1676/167613_P09_182225.jpg
닥터 슬립,2019-11-07,46343,https://movie.naver.com/movie/bi/mi/basic.nhn?code=185912,https://ssl.pstatic.net/imgmovie/mdi/mit110/1859/185912_P01_113117.jpg
가장 보통의 연애,2019-10-02,2918537,https://movie.naver.com/movie/bi/mi/basic.nhn?code=182205,https://ssl.pstatic.net/imgmovie/mdi/mit110/1822/182205_P35_110342.jpg
블랙머니,2019-11-13,32690,https://movie.naver.com/movie/bi/mi/basic.nhn?code=189053,https://ssl.pstatic.net/imgmovie/mdi/mit110/1890/189053_P108_105429.jpg
빅 위시,2019-10-30,28884,https://movie.naver.com/movie/bi/mi/basic.nhn?code=186367,https://ssl.pstatic.net/imgmovie/mdi/mit110/1863/186367_P12_154028.jpg
람보 : 라스트 워,2019-10-23,92238,https://movie.naver.com/movie/bi/mi/basic.nhn?code=129282,https://ssl.pstatic.net/imgmovie/mdi/mit110/1292/129282_P25_145511.jpg
빅 2: 황금열쇠 대소동,2019-10-30,11152,https://movie.naver.com/movie/bi/mi/basic.nhn?code=189035,https://ssl.pstatic.net/imgmovie/mdi/mit110/1890/189035_P12_141236.jpg
퍼펙트맨,2019-10-02,1224921,https://movie.naver.com/movie/bi/mi/basic.nhn?code=180390,https://ssl.pstatic.net/imgmovie/mdi/mit110/1803/180390_P34_154356.jpg
두번할까요,2019-10-17,169448,https://movie.naver.com/movie/bi/mi/basic.nhn?code=175404,https://ssl.pstatic.net/imgmovie/mdi/mit110/1754/175404_P12_140807.jpg
빅트립: 아기팬더 배달 대모험,2019-10-23,32728,https://movie.naver.com/movie/bi/mi/basic.nhn?code=189140,https://ssl.pstatic.net/imgmovie/mdi/mit110/1891/189140_P16_134312.jpg
더 킹: 헨리 5세,2019-10-23,10727,https://movie.naver.com/movie/bi/mi/basic.nhn?code=187526,https://ssl.pstatic.net/imgmovie/mdi/mit110/1875/187526_P14_105850.jpg
터미네이터2 3D,1991-07-06,11743,https://movie.naver.com/movie/bi/mi/basic.nhn?code=10200,https://movie-phinf.pstatic.net/20191010_99/1570669194041iWfdl_JPEG/movie_image.jpg
제미니 맨,2019-10-09,375620,https://movie.naver.com/movie/bi/mi/basic.nhn?code=172764,https://ssl.pstatic.net/imgmovie/mdi/mit110/1727/172764_P03_111945.jpg
너를 만난 여름,2019-10-16,19205,https://movie.naver.com/movie/bi/mi/basic.nhn?code=187787,https://ssl.pstatic.net/imgmovie/mdi/mit110/1877/187787_P22_112851.jpg
장사리 : 잊혀진 영웅들,2019-09-25,1125481,https://movie.naver.com/movie/bi/mi/basic.nhn?code=159806,https://ssl.pstatic.net/imgmovie/mdi/mit110/1598/159806_P02_134100.jpg
버티고,2019-10-16,11161,https://movie.naver.com/movie/bi/mi/basic.nhn?code=180402,https://ssl.pstatic.net/imgmovie/mdi/mit110/1804/180402_P24_114315.jpg
몬스터 하우스,2019-10-03,58604,https://movie.naver.com/movie/bi/mi/basic.nhn?code=164160,https://ssl.pstatic.net/imgmovie/mdi/mit110/1641/164160_P00_101611.jpg
소피와 드래곤: 마법책의 비밀,2019-10-02,90886,https://movie.naver.com/movie/bi/mi/basic.nhn?code=187508,https://ssl.pstatic.net/imgmovie/mdi/mit110/1875/187508_P22_160934.jpg
잃어버린 세계를 찾아서,2019-10-09,17510,https://movie.naver.com/movie/bi/mi/basic.nhn?code=181692,https://ssl.pstatic.net/imgmovie/mdi/mit110/1816/181692_P21_144315.jpg
판소리 복서,2019-10-09,16827,https://movie.naver.com/movie/bi/mi/basic.nhn?code=174797,https://ssl.pstatic.net/imgmovie/mdi/mit110/1747/174797_P44_135652.jpg
원스 어폰 어 타임... 인 할리우드,2019-09-25,270172,https://movie.naver.com/movie/bi/mi/basic.nhn?code=172836,https://ssl.pstatic.net/imgmovie/mdi/mit110/1728/172836_P09_101700.jpg
양자물리학,2019-09-25,542651,https://movie.naver.com/movie/bi/mi/basic.nhn?code=187629,https://ssl.pstatic.net/imgmovie/mdi/mit110/1876/187629_P40_171937.jpg
나쁜 녀석들: 더 무비,2019-09-11,4556694,https://movie.naver.com/movie/bi/mi/basic.nhn?code=177909,https://ssl.pstatic.net/imgmovie/mdi/mit110/1779/177909_P32_103957.jpg
애드 아스트라,2019-09-19,508767,https://movie.naver.com/movie/bi/mi/basic.nhn?code=159887,https://ssl.pstatic.net/imgmovie/mdi/mit110/1598/159887_P21_155654.jpg
타짜: 원 아이드 잭,2019-09-11,2212819,https://movie.naver.com/movie/bi/mi/basic.nhn?code=96951,https://ssl.pstatic.net/imgmovie/mdi/mit110/0969/96951_P31_160647.jpg
예스터데이,2019-09-18,292246,https://movie.naver.com/movie/bi/mi/basic.nhn?code=183110,https://ssl.pstatic.net/imgmovie/mdi/mit110/1831/183110_P04_135636.jpg
"힘을 내요, 미스터 리",2019-09-11,1166190,https://movie.naver.com/movie/bi/mi/basic.nhn?code=175316,https://ssl.pstatic.net/imgmovie/mdi/mit110/1753/175316_P33_112305.jpg
더 룸,2019-09-25,44682,https://movie.naver.com/movie/bi/mi/basic.nhn?code=183994,https://ssl.pstatic.net/imgmovie/mdi/mit110/1839/183994_P19_111920.jpg
극장판 헬로카봇 : 달나라를 구해줘!,2019-09-04,558571,https://movie.naver.com/movie/bi/mi/basic.nhn?code=187366,https://ssl.pstatic.net/imgmovie/mdi/mit110/1873/187366_P12_173131.jpg
그것: 두 번째 이야기,2019-09-04,584467,https://movie.naver.com/movie/bi/mi/basic.nhn?code=167560,https://ssl.pstatic.net/imgmovie/mdi/mit110/1675/167560_P15_134853.jpg
엑시트,2019-07-31,9407843,https://movie.naver.com/movie/bi/mi/basic.nhn?code=174903,https://ssl.pstatic.net/imgmovie/mdi/mit110/1749/174903_P56_101925.jpg
벌새,2019-08-29,93366,https://movie.naver.com/movie/bi/mi/basic.nhn?code=179307,https://ssl.pstatic.net/imgmovie/mdi/mit110/1793/179307_P21_104817.jpg
유열의 음악앨범,2019-08-28,1225554,https://movie.naver.com/movie/bi/mi/basic.nhn?code=179158,https://ssl.pstatic.net/imgmovie/mdi/mit110/1791/179158_P35_115826.jpg
극장판 반지의 비밀일기,2019-09-11,56299,https://movie.naver.com/movie/bi/mi/basic.nhn?code=185913,https://ssl.pstatic.net/imgmovie/mdi/mit110/1859/185913_P12_101651.jpg
분노의 질주: 홉스&쇼,2019-08-14,3649860,https://movie.naver.com/movie/bi/mi/basic.nhn?code=182355,https://ssl.pstatic.net/imgmovie/mdi/mit110/1823/182355_P29_103027.jpg
변신,2019-08-21,1797796,https://movie.naver.com/movie/bi/mi/basic.nhn?code=180351,https://ssl.pstatic.net/imgmovie/mdi/mit110/1803/180351_P52_141008.jpg
47미터 2,2019-08-28,440356,https://movie.naver.com/movie/bi/mi/basic.nhn?code=187161,https://ssl.pstatic.net/imgmovie/mdi/mit110/1871/187161_P20_165234.jpg
봉오동 전투,2019-08-07,4767092,https://movie.naver.com/movie/bi/mi/basic.nhn?code=178526,https://ssl.pstatic.net/imgmovie/mdi/mit110/1785/178526_P39_141329.jpg
안녕 베일리,2019-09-05,39817,https://movie.naver.com/movie/bi/mi/basic.nhn?code=181700,https://ssl.pstatic.net/imgmovie/mdi/mit110/1817/181700_P34_164530.jpg
광대들: 풍문조작단,2019-08-21,632384,https://movie.naver.com/movie/bi/mi/basic.nhn?code=167653,https://ssl.pstatic.net/imgmovie/mdi/mit110/1676/167653_P58_145534.jpg
안나,2019-08-28,73250,https://movie.naver.com/movie/bi/mi/basic.nhn?code=183666,https://ssl.pstatic.net/imgmovie/mdi/mit110/1836/183666_P01_135734.jpg
커런트 워,2019-08-22,194259,https://movie.naver.com/movie/bi/mi/basic.nhn?code=140656,https://ssl.pstatic.net/imgmovie/mdi/mit110/1406/140656_P15_101312.jpg
레드슈즈,2019-07-25,786502,https://movie.naver.com/movie/bi/mi/basic.nhn?code=164907,https://ssl.pstatic.net/imgmovie/mdi/mit110/1649/164907_P27_114523.jpg
"안녕, 티라노: 영원히, 함께",2019-08-14,189725,https://movie.naver.com/movie/bi/mi/basic.nhn?code=154672,https://ssl.pstatic.net/imgmovie/mdi/mit110/1546/154672_P27_101844.jpg
마이펫의 이중생활 2,2019-07-31,1100521,https://movie.naver.com/movie/bi/mi/basic.nhn?code=180374,https://ssl.pstatic.net/imgmovie/mdi/mit110/1803/180374_P29_165443.jpg
애프터,2019-08-22,37839,https://movie.naver.com/movie/bi/mi/basic.nhn?code=181694,https://ssl.pstatic.net/imgmovie/mdi/mit110/1816/181694_P12_100024.jpg
암전,2019-08-15,85378,https://movie.naver.com/movie/bi/mi/basic.nhn?code=177510,https://ssl.pstatic.net/imgmovie/mdi/mit110/1775/177510_P40_150304.jpg
사자,2019-07-31,1602046,https://movie.naver.com/movie/bi/mi/basic.nhn?code=178544,https://ssl.pstatic.net/imgmovie/mdi/mit110/1785/178544_P17_104316.jpg
원더랜드,2019-08-14,73851,https://movie.naver.com/movie/bi/mi/basic.nhn?code=168086,https://ssl.pstatic.net/imgmovie/mdi/mit110/1680/168086_P01_105302.jpg
알라딘,2019-05-23,12501428,https://movie.naver.com/movie/bi/mi/basic.nhn?code=163788,https://ssl.pstatic.net/imgmovie/mdi/mit110/1637/163788_P18_105943.jpg
브링 더 소울 : 더 무비,2019-08-07,274064,https://movie.naver.com/movie/bi/mi/basic.nhn?code=187051,https://ssl.pstatic.net/imgmovie/mdi/mit110/1870/187051_P06_111618.jpg
라이온 킹,2019-07-17,4684247,https://movie.naver.com/movie/bi/mi/basic.nhn?code=169637,https://ssl.pstatic.net/imgmovie/mdi/mit110/1696/169637_P24_102228.jpg
앵그리 버드 2: 독수리 왕국의 침공,2019-08-07,134529,https://movie.naver.com/movie/bi/mi/basic.nhn?code=167599,https://ssl.pstatic.net/imgmovie/mdi/mit110/1675/167599_P27_175118.jpg
김복동,2019-08-08,29397,https://movie.naver.com/movie/bi/mi/basic.nhn?code=185131,https://ssl.pstatic.net/imgmovie/mdi/mit110/1851/185131_P16_144239.jpg
나랏말싸미,2019-07-24,930998,https://movie.naver.com/movie/bi/mi/basic.nhn?code=173668,https://ssl.pstatic.net/imgmovie/mdi/mit110/1736/173668_P65_112539.jpg
스파이더맨: 파 프롬 홈,2019-07-02,7996657,https://movie.naver.com/movie/bi/mi/basic.nhn?code=173123,https://ssl.pstatic.net/imgmovie/mdi/mit110/1731/173123_P06_135928.jpg
명탐정 코난: 감청의 권,2019-07-24,214485,https://movie.naver.com/movie/bi/mi/basic.nhn?code=182001,https://ssl.pstatic.net/imgmovie/mdi/mit110/1820/182001_P11_173153.jpg
롱 샷,2019-07-24,184741,https://movie.naver.com/movie/bi/mi/basic.nhn?code=168092,https://ssl.pstatic.net/imgmovie/mdi/mit110/1680/168092_P33_140246.jpg
토이 스토리 4,2019-06-20,3355808,https://movie.naver.com/movie/bi/mi/basic.nhn?code=101966,https://ssl.pstatic.net/imgmovie/mdi/mit110/1019/101966_P09_114632.jpg
기생충,2019-05-30,10041845,https://movie.naver.com/movie/bi/mi/basic.nhn?code=161967,https://ssl.pstatic.net/imgmovie/mdi/mit110/1619/161967_P80_151640.jpg
기방도령,2019-07-10,278008,https://movie.naver.com/movie/bi/mi/basic.nhn?code=180209,https://ssl.pstatic.net/imgmovie/mdi/mit110/1802/180209_P42_134851.jpg
진범,2019-07-10,157393,https://movie.naver.com/movie/bi/mi/basic.nhn?code=174834,https://ssl.pstatic.net/imgmovie/mdi/mit110/1748/174834_P53_105510.jpg
사일런스,2019-07-17,43202,https://movie.naver.com/movie/bi/mi/basic.nhn?code=179973,https://ssl.pstatic.net/imgmovie/mdi/mit110/1799/179973_P08_102347.jpg
극장판 엉덩이 탐정: 화려한 사건 수첩,2019-07-11,127100,https://movie.naver.com/movie/bi/mi/basic.nhn?code=183783,https://ssl.pstatic.net/imgmovie/mdi/mit110/1837/183783_P16_105340.jpg
미드소마,2019-07-11,69036,https://movie.naver.com/movie/bi/mi/basic.nhn?code=182014,https://ssl.pstatic.net/imgmovie/mdi/mit110/1820/182014_P36_101012.jpg
애나벨 집으로,2019-06-26,459037,https://movie.naver.com/movie/bi/mi/basic.nhn?code=183850,https://ssl.pstatic.net/imgmovie/mdi/mit110/1838/183850_P16_113434.jpg
존 윅 3: 파라벨룸,2019-06-26,913444,https://movie.naver.com/movie/bi/mi/basic.nhn?code=181698,https://ssl.pstatic.net/imgmovie/mdi/mit110/1816/181698_P38_102749.jpg
롱 리브 더 킹: 목포 영웅,2019-06-19,1076594,https://movie.naver.com/movie/bi/mi/basic.nhn?code=179125,https://ssl.pstatic.net/imgmovie/mdi/mit110/1791/179125_P44_162751.jpg
천로역정: 천국을 찾아서,2019-06-13,228366,https://movie.naver.com/movie/bi/mi/basic.nhn?code=183836,https://ssl.pstatic.net/imgmovie/mdi/mit110/1838/183836_P33_161902.jpg
비스트,2019-06-26,199009,https://movie.naver.com/movie/bi/mi/basic.nhn?code=179875,https://ssl.pstatic.net/imgmovie/mdi/mit110/1798/179875_P37_142918.jpg
BIFAN2019 판타스틱 단편 걸작선 1,,25000,https://movie.naver.com/movie/bi/mi/basic.nhn?code=183666,https://ssl.pstatic.net/imgmovie/mdi/mit110/1836/183666_P01_135734.jpg
마담 싸이코,2019-06-26,37437,https://movie.naver.com/movie/bi/mi/basic.nhn?code=167633,https://ssl.pstatic.net/imgmovie/mdi/mit110/1676/167633_P18_100754.jpg
맨 인 블랙: 인터내셔널,2019-06-12,843703,https://movie.naver.com/movie/bi/mi/basic.nhn?code=97631,https://ssl.pstatic.net/imgmovie/mdi/mit110/0976/97631_P49_094859.jpg
사탄의 인형,2019-06-20,46546,https://movie.naver.com/movie/bi/mi/basic.nhn?code=183820,https://ssl.pstatic.net/imgmovie/mdi/mit110/1838/183820_P08_141424.jpg
엑스맨: 다크 피닉스,2019-06-05,861032,https://movie.naver.com/movie/bi/mi/basic.nhn?code=164125,https://ssl.pstatic.net/imgmovie/mdi/mit110/1641/164125_P65_143635.jpg
세상을 바꾼 변호인,2019-06-13,31379,https://movie.naver.com/movie/bi/mi/basic.nhn?code=137865,https://ssl.pstatic.net/imgmovie/mdi/mit110/1378/137865_P17_113027.jpg
이웃집 토토로,2001-07-28,142372,https://movie.naver.com/movie/bi/mi/basic.nhn?code=18781,https://ssl.pstatic.net/imgmovie/mdi/mit110/0187/18781_P40_110031.jpg
업사이드,2019-06-13,30244,https://movie.naver.com/movie/bi/mi/basic.nhn?code=167053,https://ssl.pstatic.net/imgmovie/mdi/mit110/1670/167053_P13_111013.jpg
로켓맨,2019-06-05,98703,https://movie.naver.com/movie/bi/mi/basic.nhn?code=181704,https://ssl.pstatic.net/imgmovie/mdi/mit110/1817/181704_P35_105923.jpg
어벤져스: 엔드게임,2019-04-24,13887813,https://movie.naver.com/movie/bi/mi/basic.nhn?code=136900,https://ssl.pstatic.net/imgmovie/mdi/mit110/1369/136900_P57_104126.jpg
악인전,2019-05-15,3346654,https://movie.naver.com/movie/bi/mi/basic.nhn?code=177967,https://ssl.pstatic.net/imgmovie/mdi/mit110/1779/177967_P50_114447.jpg
고질라: 킹 오브 몬스터,2019-05-29,352862,https://movie.naver.com/movie/bi/mi/basic.nhn?code=137327,https://ssl.pstatic.net/imgmovie/mdi/mit110/1373/137327_P17_171853.jpg
빅샤크2: 해저2만리,2019-06-06,44189,https://movie.naver.com/movie/bi/mi/basic.nhn?code=183870,https://ssl.pstatic.net/imgmovie/mdi/mit110/1838/183870_P25_095540.jpg
0.0MHz,2019-05-29,133522,https://movie.naver.com/movie/bi/mi/basic.nhn?code=177371,https://ssl.pstatic.net/imgmovie/mdi/mit110/1773/177371_P20_114332.jpg
걸캅스,2019-05-09,1618601,https://movie.naver.com/movie/bi/mi/basic.nhn?code=186899,https://ssl.pstatic.net/imgmovie/mdi/mit110/1868/186899_P01_111320.jpg
어린 의뢰인,2019-05-22,193949,https://movie.naver.com/movie/bi/mi/basic.nhn?code=180169,https://ssl.pstatic.net/imgmovie/mdi/mit110/1801/180169_P64_101528.jpg
교회오빠,2019-05-16,65399,https://movie.naver.com/movie/bi/mi/basic.nhn?code=183132,https://ssl.pstatic.net/imgmovie/mdi/mit110/1831/183132_P05_134901.jpg
더 보이,2019-05-23,88511,https://movie.naver.com/movie/bi/mi/basic.nhn?code=181701,https://ssl.pstatic.net/imgmovie/mdi/mit110/1817/181701_P09_111143.jpg
배심원들,2019-05-15,270270,https://movie.naver.com/movie/bi/mi/basic.nhn?code=190001,https://ssl.pstatic.net/imgmovie/mdi/mit110/1817/181701_P09_111143.jpg
명탐정 피카츄,2019-05-09,680420,https://movie.naver.com/movie/bi/mi/basic.nhn?code=167657,https://ssl.pstatic.net/imgmovie/mdi/mit110/1676/167657_P03_163928.jpg
나의 특별한 형제,2019-05-01,1462434,https://movie.naver.com/movie/bi/mi/basic.nhn?code=175366,https://ssl.pstatic.net/imgmovie/mdi/mit110/1753/175366_P31_101140.jpg
뽀로로 극장판 보물섬 대모험,2019-04-25,752508,https://movie.naver.com/movie/bi/mi/basic.nhn?code=183136,https://ssl.pstatic.net/imgmovie/mdi/mit110/1831/183136_P10_134628.jpg
호텔 뭄바이,2019-05-08,61163,https://movie.naver.com/movie/bi/mi/basic.nhn?code=165022,https://ssl.pstatic.net/imgmovie/mdi/mit110/1650/165022_P15_153454.jpg
서스페리아,2019-05-16,19684,https://movie.naver.com/movie/bi/mi/basic.nhn?code=151550,https://ssl.pstatic.net/imgmovie/mdi/mit110/1515/151550_P22_095949.jpg
어글리 돌,2019-05-01,50816,https://movie.naver.com/movie/bi/mi/basic.nhn?code=182012,https://ssl.pstatic.net/imgmovie/mdi/mit110/1820/182012_P08_135215.jpg
안도 타다오,2019-04-25,25540,https://movie.naver.com/movie/bi/mi/basic.nhn?code=148863,https://ssl.pstatic.net/imgmovie/mdi/mit110/1488/148863_P10_094956.jpg
생일,2019-04-03,1191113,https://movie.naver.com/movie/bi/mi/basic.nhn?code=188525,https://ssl.pstatic.net/imgmovie/mdi/mit110/1885/188525_P01_152424.jpg
캡틴 마블,2019-03-06,5796057,https://movie.naver.com/movie/bi/mi/basic.nhn?code=132623,https://ssl.pstatic.net/imgmovie/mdi/mit110/1326/132623_P22_133853.jpg
판의 미로 - 오필리아와 세 개의 열쇠,2006-11-30,482408,https://movie.naver.com/movie/bi/mi/basic.nhn?code=49336,https://ssl.pstatic.net/imgmovie/mdi/mit110/0493/49336_P59_105053.jpg
프렌즈: 둥지탈출,2019-05-01,10180,https://movie.naver.com/movie/bi/mi/basic.nhn?code=184253,https://ssl.pstatic.net/imgmovie/mdi/mit110/1842/184253_P10_155905.jpg
요로나의 저주,2019-04-17,197125,https://movie.naver.com/movie/bi/mi/basic.nhn?code=180399,https://ssl.pstatic.net/imgmovie/mdi/mit110/1803/180399_P00_154546.jpg
미성년,2019-04-11,279305,https://movie.naver.com/movie/bi/mi/basic.nhn?code=171785,https://ssl.pstatic.net/imgmovie/mdi/mit110/1717/171785_P84_181225.jpg
크게 될 놈,2019-04-18,90320,https://movie.naver.com/movie/bi/mi/basic.nhn?code=159845,https://ssl.pstatic.net/imgmovie/mdi/mit110/1598/159845_P12_102707.jpg
노팅 힐,1999-07-03,49958,https://movie.naver.com/movie/bi/mi/basic.nhn?code=24830,https://ssl.pstatic.net/imgmovie/mdi/mit110/0248/24830_P18_133358.jpg
돈,2019-03-20,3388756,https://movie.naver.com/movie/bi/mi/basic.nhn?code=185267,https://ssl.pstatic.net/imgmovie/mdi/mit110/1852/185267_P03_110346.jpg
바이스,2019-04-11,131698,https://movie.naver.com/movie/bi/mi/basic.nhn?code=190433,https://ssl.pstatic.net/imgmovie/mdi/mit110/1904/190433_P01_173504.jpg
헬보이,2019-04-10,311910,https://movie.naver.com/movie/bi/mi/basic.nhn?code=164200,https://ssl.pstatic.net/imgmovie/mdi/mit110/1642/164200_P05_105455.jpg
왓칭,2019-04-17,46139,https://movie.naver.com/movie/bi/mi/basic.nhn?code=173667,https://ssl.pstatic.net/imgmovie/mdi/mit110/1736/173667_P27_101947.jpg
아이 엠 마더,2019-04-11,83953,https://movie.naver.com/movie/bi/mi/basic.nhn?code=183063,https://ssl.pstatic.net/imgmovie/mdi/mit110/1830/183063_P01_142452.jpg
샤잠!,2019-04-03,636971,https://movie.naver.com/movie/bi/mi/basic.nhn?code=140649,https://ssl.pstatic.net/imgmovie/mdi/mit110/1406/140649_P11_111034.jpg
어스,2019-03-27,1450902,https://movie.naver.com/movie/bi/mi/basic.nhn?code=181414,https://ssl.pstatic.net/imgmovie/mdi/mit110/1814/181414_P24_174349.jpg
공포의 묘지,2019-04-10,87134,https://movie.naver.com/movie/bi/mi/basic.nhn?code=181419,https://ssl.pstatic.net/imgmovie/mdi/mit110/1814/181419_P28_165542.jpg
장난스런 키스,2019-03-27,390548,https://movie.naver.com/movie/bi/mi/basic.nhn?code=180381,https://ssl.pstatic.net/imgmovie/mdi/mit110/1803/180381_P17_103533.jpg
파이브 피트,2019-04-10,67395,https://movie.naver.com/movie/bi/mi/basic.nhn?code=181912,https://ssl.pstatic.net/imgmovie/mdi/mit110/1819/181912_P10_135327.jpg
덤보,2019-03-27,296253,https://movie.naver.com/movie/bi/mi/basic.nhn?code=163787,https://ssl.pstatic.net/imgmovie/mdi/mit110/1637/163787_P33_174808.jpg
로망,2019-04-03,46938,https://movie.naver.com/movie/bi/mi/basic.nhn?code=182348,https://ssl.pstatic.net/imgmovie/mdi/mit110/1823/182348_P02_174720.jpg
콜레트,2019-03-27,35223,https://movie.naver.com/movie/bi/mi/basic.nhn?code=171533,https://ssl.pstatic.net/imgmovie/mdi/mit110/1715/171533_P29_143351.jpg
악질경찰,2019-03-20,254449,https://movie.naver.com/movie/bi/mi/basic.nhn?code=153580,https://ssl.pstatic.net/imgmovie/mdi/mit110/1535/153580_P24_103637.jpg
우상,2019-03-20,175481,https://movie.naver.com/movie/bi/mi/basic.nhn?code=161984,https://ssl.pstatic.net/imgmovie/mdi/mit110/1619/161984_P61_144815.jpg
썬키스 패밀리,2019-03-27,26086,https://movie.naver.com/movie/bi/mi/basic.nhn?code=152624,https://ssl.pstatic.net/imgmovie/mdi/mit110/1526/152624_P34_161443.jpg
1919 유관순,2019-03-14,46858,https://movie.naver.com/movie/bi/mi/basic.nhn?code=182407,https://ssl.pstatic.net/imgmovie/mdi/mit110/1824/182407_P00_105405.jpg
이스케이프 룸,2019-03-14,544462,https://movie.naver.com/movie/bi/mi/basic.nhn?code=180425,https://ssl.pstatic.net/imgmovie/mdi/mit110/1804/180425_P19_175210.jpg
라스트 미션,2019-03-14,93476,https://movie.naver.com/movie/bi/mi/basic.nhn?code=179974,https://ssl.pstatic.net/imgmovie/mdi/mit110/1799/179974_P01_153621.jpg
페이트 스테이 나이트 헤븐즈필 제2장 로스트 버터플라이,2019-03-21,24340,https://movie.naver.com/movie/bi/mi/basic.nhn?code=169263,https://ssl.pstatic.net/imgmovie/mdi/mit110/1692/169263_P01_094955.jpg
정글북: 마법 원정대,2019-03-21,22534,https://movie.naver.com/movie/bi/mi/basic.nhn?code=149022,https://ssl.pstatic.net/imgmovie/mdi/mit110/1490/149022_P12_110503.jpg
그린 북,2019-01-09,409871,https://movie.naver.com/movie/bi/mi/basic.nhn?code=171539,https://ssl.pstatic.net/imgmovie/mdi/mit110/1715/171539_P26_135622.jpg
항거:유관순 이야기,2019-02-27,1143977,https://movie.naver.com/movie/bi/mi/basic.nhn?code=182360,https://ssl.pstatic.net/imgmovie/mdi/mit110/1823/182360_P11_140223.jpg
극한직업,2019-01-23,16243231,https://movie.naver.com/movie/bi/mi/basic.nhn?code=167651,https://ssl.pstatic.net/imgmovie/mdi/mit110/1676/167651_P106_141030.jpg
증인,2019-02-13,2519150,https://movie.naver.com/movie/bi/mi/basic.nhn?code=177374,https://ssl.pstatic.net/imgmovie/mdi/mit110/1773/177374_P100_112832.jpg
사바하,2019-02-20,2389760,https://movie.naver.com/movie/bi/mi/basic.nhn?code=167099,https://ssl.pstatic.net/imgmovie/mdi/mit110/1670/167099_P13_101134.jpg
숲속왕국의 꿀벌 여왕,2019-03-14,18305,https://movie.naver.com/movie/bi/mi/basic.nhn?code=182206,https://ssl.pstatic.net/imgmovie/mdi/mit110/1822/182206_P12_121114.jpg
더 페이버릿: 여왕의 여자,2019-02-21,133508,https://movie.naver.com/movie/bi/mi/basic.nhn?code=148909,https://ssl.pstatic.net/imgmovie/mdi/mit110/1489/148909_P29_164758.jpg
리노,2019-03-07,16489,https://movie.naver.com/movie/bi/mi/basic.nhn?code=170953,https://ssl.pstatic.net/imgmovie/mdi/mit110/1709/170953_P08_140411.jpg
자전차왕 엄복동,2019-02-27,168884,https://movie.naver.com/movie/bi/mi/basic.nhn?code=159070,https://ssl.pstatic.net/imgmovie/mdi/mit110/1590/159070_P13_114738.jpg
신데렐라:마법 반지의 비밀,2019-02-20,281705,https://movie.naver.com/movie/bi/mi/basic.nhn?code=181959,https://ssl.pstatic.net/imgmovie/mdi/mit110/1819/181959_P11_114544.jpg
"어쩌다, 결혼",2019-02-27,70827,https://movie.naver.com/movie/bi/mi/basic.nhn?code=167629,https://ssl.pstatic.net/imgmovie/mdi/mit110/1676/167629_P17_105046.jpg
드래곤 길들이기 3,2019-01-30,1498759,https://movie.naver.com/movie/bi/mi/basic.nhn?code=109193,https://ssl.pstatic.net/imgmovie/mdi/mit110/1091/109193_P21_103935.jpg
알리타: 배틀 엔젤,2019-02-05,1946206,https://movie.naver.com/movie/bi/mi/basic.nhn?code=66728,https://ssl.pstatic.net/imgmovie/mdi/mit110/0667/66728_P38_102726.jpg
해피 데스데이 2 유,2019-02-14,392397,https://movie.naver.com/movie/bi/mi/basic.nhn?code=181411,https://ssl.pstatic.net/imgmovie/mdi/mit110/1814/181411_P02_101349.jpg
해리포터와 비밀의 방,2002-12-13,79301,https://movie.naver.com/movie/bi/mi/basic.nhn?code=33930,https://ssl.pstatic.net/imgmovie/mdi/mit110/0339/C3930-06.jpg
콜드 체이싱,2019-02-20,78303,https://movie.naver.com/movie/bi/mi/basic.nhn?code=181409,https://ssl.pstatic.net/imgmovie/mdi/mit110/1814/181409_P30_100656.jpg
메리 포핀스 리턴즈,2019-02-14,199519,https://movie.naver.com/movie/bi/mi/basic.nhn?code=151151,https://ssl.pstatic.net/imgmovie/mdi/mit110/1511/151151_P24_105029.jpg
기묘한 가족,2019-02-13,216254,https://movie.naver.com/movie/bi/mi/basic.nhn?code=169078,https://ssl.pstatic.net/imgmovie/mdi/mit110/1690/169078_P66_101231.jpg
뺑반,2019-01-30,1821147,https://movie.naver.com/movie/bi/mi/basic.nhn?code=164173,https://ssl.pstatic.net/imgmovie/mdi/mit110/1641/164173_P45_171744.jpg
명탐정 코난:전율의 악보,2019-02-14,83376,https://movie.naver.com/movie/bi/mi/basic.nhn?code=48233,https://ssl.pstatic.net/imgmovie/mdi/mit110/0482/48233_P05_140218.jpg
극장판 헬로카봇: 옴파로스 섬의 비밀,2019-01-31,558144,https://movie.naver.com/movie/bi/mi/basic.nhn?code=181554,https://ssl.pstatic.net/imgmovie/mdi/mit110/1815/181554_P23_112202.jpg
레고 무비2,2019-02-06,71030,https://movie.naver.com/movie/bi/mi/basic.nhn?code=125438,https://ssl.pstatic.net/imgmovie/mdi/mit110/1254/125438_P06_114959.jpg
말모이,2019-01-09,2848736,https://movie.naver.com/movie/bi/mi/basic.nhn?code=167699,https://ssl.pstatic.net/imgmovie/mdi/mit110/1676/167699_P40_175859.jpg
러브 유어셀프 인 서울,2019-01-26,342366,https://movie.naver.com/movie/bi/mi/basic.nhn?code=180220,https://ssl.pstatic.net/imgmovie/mdi/mit110/1802/180220_P01_102406.jpg
가버나움,2019-01-24,87787,https://movie.naver.com/movie/bi/mi/basic.nhn?code=174830,https://ssl.pstatic.net/imgmovie/mdi/mit110/1748/174830_P17_104205.jpg
내안의 그놈,2019-01-09,1910802,https://movie.naver.com/movie/bi/mi/basic.nhn?code=164172,https://ssl.pstatic.net/imgmovie/mdi/mit110/1641/164172_P08_114039.jpg
주먹왕 랄프 2: 인터넷 속으로,2019-01-03,1754950,https://movie.naver.com/movie/bi/mi/basic.nhn?code=152632,https://ssl.pstatic.net/imgmovie/mdi/mit110/1526/152632_P19_104759.jpg
글래스,2019-01-17,452460,https://movie.naver.com/movie/bi/mi/basic.nhn?code=189868,https://ssl.pstatic.net/imgmovie/mdi/mit110/1898/189868_P01_174310.jpg
언더독,2019-01-16,176837,https://movie.naver.com/movie/bi/mi/basic.nhn?code=144318,https://ssl.pstatic.net/imgmovie/mdi/mit110/1443/144318_P19_100103.jpg
보헤미안 랩소디,2018-10-31,9910706,https://movie.naver.com/movie/bi/mi/basic.nhn?code=156464,https://ssl.pstatic.net/imgmovie/mdi/mit110/1564/156464_P49_182103.jpg
몬스터 파크,2019-01-23,30571,https://movie.naver.com/movie/bi/mi/basic.nhn?code=168056,https://ssl.pstatic.net/imgmovie/mdi/mit110/1680/168056_P10_100606.jpg
아쿠아맨,2018-12-19,5019235,https://movie.naver.com/movie/bi/mi/basic.nhn?code=187339,https://ssl.pstatic.net/imgmovie/mdi/mit110/1680/168056_P10_100606.jpg
극장판 공룡메카드: 타이니소어의 섬,2019-01-10,379569,https://movie.naver.com/movie/bi/mi/basic.nhn?code=180372,https://ssl.pstatic.net/imgmovie/mdi/mit110/1803/180372_P16_101254.jpg
미래의 미라이,2019-01-16,77985,https://movie.naver.com/movie/bi/mi/basic.nhn?code=172137,https://ssl.pstatic.net/imgmovie/mdi/mit110/1721/172137_P12_134909.jpg
범블비,2018-12-25,1553491,https://movie.naver.com/movie/bi/mi/basic.nhn?code=164139,https://ssl.pstatic.net/imgmovie/mdi/mit110/1641/164139_P12_153521.jpg
PMC: 더 벙커,2018-12-26,1665200,https://movie.naver.com/movie/bi/mi/basic.nhn?code=166092,https://ssl.pstatic.net/imgmovie/mdi/mit110/1660/166092_P35_104446.jpg
스윙키즈,2018-12-19,1462873,https://movie.naver.com/movie/bi/mi/basic.nhn?code=164101,https://ssl.pstatic.net/imgmovie/mdi/mit110/1641/164101_P62_155759.jpg
점박이 한반도의 공룡2 : 새로운 낙원,2018-12-25,521053,https://movie.naver.com/movie/bi/mi/basic.nhn?code=180379,https://ssl.pstatic.net/imgmovie/mdi/mit110/1803/180379_P32_111508.jpg
언니,2019-01-01,172338,https://movie.naver.com/movie/bi/mi/basic.nhn?code=187444,https://ssl.pstatic.net/imgmovie/mdi/mit110/1874/187444_P01_113615.jpg
그린치,2018-12-19,543813,https://movie.naver.com/movie/bi/mi/basic.nhn?code=150688,https://ssl.pstatic.net/imgmovie/mdi/mit110/1506/150688_P30_101919.jpg
마약왕,2018-12-19,1787825,https://movie.naver.com/movie/bi/mi/basic.nhn?code=157297,https://ssl.pstatic.net/imgmovie/mdi/mit110/1572/157297_P23_134212.jpg
극장판 짱구는 못말려: 아뵤! 쿵후 보이즈 ~라면 대란~,2018-12-19,259753,https://movie.naver.com/movie/bi/mi/basic.nhn?code=172975,https://ssl.pstatic.net/imgmovie/mdi/mit110/1729/172975_P10_141815.jpg
스파이더맨: 뉴 유니버스,2018-12-12,628327,https://movie.naver.com/movie/bi/mi/basic.nhn?code=171725,https://ssl.pstatic.net/imgmovie/mdi/mit110/1717/171725_P18_175530.jpg
국가부도의 날,2018-11-28,3723913,https://movie.naver.com/movie/bi/mi/basic.nhn?code=164192,https://ssl.pstatic.net/imgmovie/mdi/mit110/1641/164192_P45_134107.jpg
도어락,2018-12-05,1546002,https://movie.naver.com/movie/bi/mi/basic.nhn?code=171755,https://ssl.pstatic.net/imgmovie/mdi/mit110/1717/171755_P39_140011.jpg
극장판 포켓몬스터 모두의 이야기,2018-12-19,86997,https://movie.naver.com/movie/bi/mi/basic.nhn?code=172187,https://ssl.pstatic.net/imgmovie/mdi/mit110/1721/172187_P19_110125.jpg
호두까기 인형과 4개의 왕국,2018-12-06,408425,https://movie.naver.com/movie/bi/mi/basic.nhn?code=158622,https://ssl.pstatic.net/imgmovie/mdi/mit110/1586/158622_P18_142307.jpg
부탁 하나만 들어줘,2018-12-12,87501,https://movie.naver.com/movie/bi/mi/basic.nhn?code=171452,https://ssl.pstatic.net/imgmovie/mdi/mit110/1714/171452_P19_174244.jpg
모털 엔진,2018-12-05,262070,https://movie.naver.com/movie/bi/mi/basic.nhn?code=156496,https://ssl.pstatic.net/imgmovie/mdi/mit110/1564/156496_P24_153246.jpg
런닝맨 : 풀룰루의 역습,2018-12-05,180709,https://movie.naver.com/movie/bi/mi/basic.nhn?code=180384,https://ssl.pstatic.net/imgmovie/mdi/mit110/1803/180384_P14_152246.jpg
완벽한 타인,2018-10-31,5270621,https://movie.naver.com/movie/bi/mi/basic.nhn?code=188710,https://ssl.pstatic.net/imgmovie/mdi/mit110/1887/188710_P01_135128.jpg
성난황소,2018-11-22,1567264,https://movie.naver.com/movie/bi/mi/basic.nhn?code=174835,https://ssl.pstatic.net/imgmovie/mdi/mit110/1748/174835_P26_105639.jpg
후드,2018-11-28,276658,https://movie.naver.com/movie/bi/mi/basic.nhn?code=189861,https://ssl.pstatic.net/imgmovie/mdi/mit110/1898/189861_P01_163154.jpg
신비한 동물들과 그린델왈드의 범죄,2018-11-14,2403686,https://movie.naver.com/movie/bi/mi/basic.nhn?code=154255,https://ssl.pstatic.net/imgmovie/mdi/mit110/1542/154255_P24_095824.jpg
베일리 어게인,2018-11-22,78439,https://movie.naver.com/movie/bi/mi/basic.nhn?code=144906,https://ssl.pstatic.net/imgmovie/mdi/mit110/1449/144906_P15_103017.jpg
바울,2018-10-31,229837,https://movie.naver.com/movie/bi/mi/basic.nhn?code=173692,https://ssl.pstatic.net/imgmovie/mdi/mit110/1736/173692_P12_102159.jpg
거미줄에 걸린 소녀,2018-11-28,25172,https://movie.naver.com/movie/bi/mi/basic.nhn?code=161868,https://ssl.pstatic.net/imgmovie/mdi/mit110/1618/161868_P24_151256.jpg
투 프렌즈,2018-11-29,20419,https://movie.naver.com/movie/bi/mi/basic.nhn?code=179138,https://ssl.pstatic.net/imgmovie/mdi/mit110/1791/179138_P01_151818.jpg
번 더 스테이지: 더 무비,2018-11-15,298402,https://movie.naver.com/movie/bi/mi/basic.nhn?code=176354,https://ssl.pstatic.net/imgmovie/mdi/mit110/1763/176354_P13_150227.jpg
출국,2018-11-14,71407,https://movie.naver.com/movie/bi/mi/basic.nhn?code=186453,https://ssl.pstatic.net/imgmovie/mdi/mit110/1864/186453_P03_141045.jpg
툴리,2018-11-22,24325,https://movie.naver.com/movie/bi/mi/basic.nhn?code=154653,https://ssl.pstatic.net/imgmovie/mdi/mit110/1546/154653_P12_102646.jpg
너의 췌장을 먹고 싶어,2018-11-15,48910,https://movie.naver.com/movie/bi/mi/basic.nhn?code=175318,https://ssl.pstatic.net/imgmovie/mdi/mit110/1753/175318_P15_105507.jpg
동네사람들,2018-11-07,445625,https://movie.naver.com/movie/bi/mi/basic.nhn?code=166610,https://ssl.pstatic.net/imgmovie/mdi/mit110/1666/166610_P58_154049.jpg
해피 투게더,2018-11-15,15745,https://movie.naver.com/movie/bi/mi/basic.nhn?code=164147,https://ssl.pstatic.net/imgmovie/mdi/mit110/1641/164147_P46_165808.jpg
창궐,2018-10-25,1588443,https://movie.naver.com/movie/bi/mi/basic.nhn?code=160487,https://ssl.pstatic.net/imgmovie/mdi/mit110/1604/160487_P48_113750.jpg
해리포터와 마법사의 돌,2001-12-13,259733,https://movie.naver.com/movie/bi/mi/basic.nhn?code=30688,https://ssl.pstatic.net/imgmovie/mdi/mit110/0306/30688_P28_142632.jpg
여곡성,2018-11-08,55997,https://movie.naver.com/movie/bi/mi/basic.nhn?code=171750,https://ssl.pstatic.net/imgmovie/mdi/mit110/1717/171750_P05_173050.jpg
벽 속에 숨은 마법시계,2018-10-31,211233,https://movie.naver.com/movie/bi/mi/basic.nhn?code=164155,https://ssl.pstatic.net/imgmovie/mdi/mit110/1641/164155_P03_122329.jpg
스타 이즈 본,2018-10-09,458917,https://movie.naver.com/movie/bi/mi/basic.nhn?code=168050,https://ssl.pstatic.net/imgmovie/mdi/mit110/1680/168050_P19_100458.jpg
구스범스: 몬스터의 역습,2018-11-07,21400,https://movie.naver.com/movie/bi/mi/basic.nhn?code=172819,https://ssl.pstatic.net/imgmovie/mdi/mit110/1728/172819_P01_163303.jpg
할로윈,2018-10-31,90492,https://movie.naver.com/movie/bi/mi/basic.nhn?code=170879,https://ssl.pstatic.net/imgmovie/mdi/mit110/1708/170879_P03_161546.jpg
암수살인,2018-10-03,3777611,https://movie.naver.com/movie/bi/mi/basic.nhn?code=167105,https://ssl.pstatic.net/imgmovie/mdi/mit110/1671/167105_P28_103614.jpg
미쓰백,2018-10-11,710780,https://movie.naver.com/movie/bi/mi/basic.nhn?code=155356,https://ssl.pstatic.net/imgmovie/mdi/mit110/1553/155356_P29_104216.jpg
크레이지 리치 아시안,2018-10-25,147806,https://movie.naver.com/movie/bi/mi/basic.nhn?code=168047,https://ssl.pstatic.net/imgmovie/mdi/mit110/1680/168047_P06_140254.jpg
퍼스트맨,2018-10-18,630470,https://movie.naver.com/movie/bi/mi/basic.nhn?code=168058,https://ssl.pstatic.net/imgmovie/mdi/mit110/1680/168058_P18_101211.jpg
베놈,2018-10-03,3851409,https://movie.naver.com/movie/bi/mi/basic.nhn?code=187323,https://ssl.pstatic.net/imgmovie/mdi/mit110/1680/168058_P18_101211.jpg
곰돌이 푸 다시 만나 행복해,2018-10-03,486038,https://movie.naver.com/movie/bi/mi/basic.nhn?code=168023,https://ssl.pstatic.net/imgmovie/mdi/mit110/1680/168023_P15_161116.jpg
안시성,2018-09-19,5413370,https://movie.naver.com/movie/bi/mi/basic.nhn?code=163533,https://ssl.pstatic.net/imgmovie/mdi/mit110/1635/163533_P99_105455.jpg
배반의 장미,2018-10-18,29890,https://movie.naver.com/movie/bi/mi/basic.nhn?code=174807,https://ssl.pstatic.net/imgmovie/mdi/mit110/1748/174807_P19_111000.jpg
펭귄 하이웨이,2018-10-18,25631,https://movie.naver.com/movie/bi/mi/basic.nhn?code=177381,https://ssl.pstatic.net/imgmovie/mdi/mit110/1773/177381_P01_144141.jpg
액슬,2018-10-18,12152,https://movie.naver.com/movie/bi/mi/basic.nhn?code=167481,https://ssl.pstatic.net/imgmovie/mdi/mit110/1674/167481_P05_145414.jpg
다이노 어드벤처2: 육해공 공룡 대백과,2018-10-09,34822,https://movie.naver.com/movie/bi/mi/basic.nhn?code=178402,https://ssl.pstatic.net/imgmovie/mdi/mit110/1784/178402_P16_115047.jpg
셜록 놈즈,2018-10-03,83846,https://movie.naver.com/movie/bi/mi/basic.nhn?code=158620,https://ssl.pstatic.net/imgmovie/mdi/mit110/1586/158620_P19_101107.jpg
협상,2018-09-19,1953273,https://movie.naver.com/movie/bi/mi/basic.nhn?code=164106,https://ssl.pstatic.net/imgmovie/mdi/mit110/1641/164106_P16_135532.jpg
에브리데이,2018-10-11,21620,https://movie.naver.com/movie/bi/mi/basic.nhn?code=170824,https://ssl.pstatic.net/imgmovie/mdi/mit110/1708/170824_P15_182407.jpg
명당,2018-09-19,2066465,https://movie.naver.com/movie/bi/mi/basic.nhn?code=162981,https://ssl.pstatic.net/imgmovie/mdi/mit110/1629/162981_P72_153440.jpg
원더풀 고스트,2018-09-26,439910,https://movie.naver.com/movie/bi/mi/basic.nhn?code=152156,https://ssl.pstatic.net/imgmovie/mdi/mit110/1521/152156_P76_134247.jpg
더 넌,2018-09-19,1007366,https://movie.naver.com/movie/bi/mi/basic.nhn?code=168049,https://ssl.pstatic.net/imgmovie/mdi/mit110/1680/168049_P02_145901.jpg
서치,2018-08-29,2944333,https://movie.naver.com/movie/bi/mi/basic.nhn?code=184543,https://ssl.pstatic.net/imgmovie/mdi/mit110/1845/184543_P01_155230.png
극장판 요괴워치 섀도사이드: 도깨비왕의 부활,2018-09-20,151054,https://movie.naver.com/movie/bi/mi/basic.nhn?code=170496,https://ssl.pstatic.net/imgmovie/mdi/mit110/1704/170496_P19_142149.jpg
루이스,2018-09-20,89501,https://movie.naver.com/movie/bi/mi/basic.nhn?code=185166,https://ssl.pstatic.net/imgmovie/mdi/mit110/1851/185166_P01_162115.jpg
에그엔젤 코코밍: 두근두근 핼러윈 파티,2018-09-22,42980,https://movie.naver.com/movie/bi/mi/basic.nhn?code=178426,https://ssl.pstatic.net/imgmovie/mdi/mit110/1784/178426_P18_102633.jpg
극장판 뽀잉: 슈퍼 변신의 비밀,2018-09-20,35688,https://movie.naver.com/movie/bi/mi/basic.nhn?code=178445,https://ssl.pstatic.net/imgmovie/mdi/mit110/1784/178445_P01_100308.jpg
물괴,2018-09-12,702096,https://movie.naver.com/movie/bi/mi/basic.nhn?code=132996,https://ssl.pstatic.net/imgmovie/mdi/mit110/1329/132996_P35_100121.jpg
너의 결혼식,2018-08-22,2812226,https://movie.naver.com/movie/bi/mi/basic.nhn?code=140652,https://ssl.pstatic.net/imgmovie/mdi/mit110/1406/140652_P38_143110.jpg
더 프레데터,2018-09-12,169814,https://movie.naver.com/movie/bi/mi/basic.nhn?code=127335,https://ssl.pstatic.net/imgmovie/mdi/mit110/1273/127335_P10_172314.jpg
업그레이드,2018-09-06,178153,https://movie.naver.com/movie/bi/mi/basic.nhn?code=174626,https://ssl.pstatic.net/imgmovie/mdi/mit110/1746/174626_P11_140653.jpg
상류사회,2018-08-29,760945,https://movie.naver.com/movie/bi/mi/basic.nhn?code=172010,https://ssl.pstatic.net/imgmovie/mdi/mit110/1720/172010_P10_141651.jpg
맘마미아!2,2018-08-08,2280120,https://movie.naver.com/movie/bi/mi/basic.nhn?code=164115,https://ssl.pstatic.net/imgmovie/mdi/mit110/1641/164115_P50_104521.jpg
신과함께-인과 연,2018-08-01,12264813,https://movie.naver.com/movie/bi/mi/basic.nhn?code=167697,https://ssl.pstatic.net/imgmovie/mdi/mit110/1676/167697_P01_113354.jpg
공작,2018-08-08,4968325,https://movie.naver.com/movie/bi/mi/basic.nhn?code=153687,https://ssl.pstatic.net/imgmovie/mdi/mit110/1536/153687_P54_102718.jpg
목격자,2018-08-15,2512159,https://movie.naver.com/movie/bi/mi/basic.nhn?code=148304,https://ssl.pstatic.net/imgmovie/mdi/mit110/1483/148304_P01_104814.jpg
어드리프트:우리가 함께한 바다,2018-09-06,41977,https://movie.naver.com/movie/bi/mi/basic.nhn?code=172768,https://ssl.pstatic.net/imgmovie/mdi/mit110/1727/172768_P23_140008.jpg
나를 차버린 스파이,2018-08-22,258016,https://movie.naver.com/movie/bi/mi/basic.nhn?code=167602,https://ssl.pstatic.net/imgmovie/mdi/mit110/1676/167602_P09_101816.jpg
미션 임파서블: 폴아웃,2018-07-25,6567099,https://movie.naver.com/movie/bi/mi/basic.nhn?code=154222,https://ssl.pstatic.net/imgmovie/mdi/mit110/1542/154222_P07_114856.jpg
그래비티,2013-10-17,3262924,https://movie.naver.com/movie/bi/mi/basic.nhn?code=180901,https://ssl.pstatic.net/imgmovie/mdi/mit110/1809/180901_P01_161910.jpg
몬스터 호텔 3,2018-08-08,1023630,https://movie.naver.com/movie/bi/mi/basic.nhn?code=169643,https://ssl.pstatic.net/imgmovie/mdi/mit110/1696/169643_P26_103310.jpg
메가로돈,2018-08-15,515536,https://movie.naver.com/movie/bi/mi/basic.nhn?code=152661,https://ssl.pstatic.net/imgmovie/mdi/mit110/1526/152661_P02_173353.jpg
마일22,2018-08-23,51350,https://movie.naver.com/movie/bi/mi/basic.nhn?code=171499,https://ssl.pstatic.net/imgmovie/mdi/mit110/1714/171499_P38_160259.jpg
극장판 도라에몽: 진구의 보물섬,2018-08-15,138640,https://movie.naver.com/movie/bi/mi/basic.nhn?code=172118,https://ssl.pstatic.net/imgmovie/mdi/mit110/1721/172118_P13_110330.jpg
명탐정 코난 : 제로의 집행인,2018-08-08,377257,https://movie.naver.com/movie/bi/mi/basic.nhn?code=173019,https://ssl.pstatic.net/imgmovie/mdi/mit110/1730/173019_P30_150613.jpg
극장판 헬로카봇 : 백악기 시대,2018-08-01,854230,https://movie.naver.com/movie/bi/mi/basic.nhn?code=175727,https://ssl.pstatic.net/imgmovie/mdi/mit110/1757/175727_P08_154401.jpg
인크레더블 2,2018-07-18,2998015,https://movie.naver.com/movie/bi/mi/basic.nhn?code=136990,https://ssl.pstatic.net/imgmovie/mdi/mit110/1369/136990_P27_140604.jpg
신비아파트: 금빛 도깨비와 비밀의 동굴,2018-07-25,667879,https://movie.naver.com/movie/bi/mi/basic.nhn?code=174805,https://ssl.pstatic.net/imgmovie/mdi/mit110/1748/174805_P12_100714.jpg
어느 가족,2018-07-26,123887,https://movie.naver.com/movie/bi/mi/basic.nhn?code=172174,https://ssl.pstatic.net/imgmovie/mdi/mit110/1721/172174_P20_110537.jpg
인랑,2018-07-25,891308,https://movie.naver.com/movie/bi/mi/basic.nhn?code=109906,https://ssl.pstatic.net/imgmovie/mdi/mit110/1099/109906_P00_103901.jpg
앤트맨과 와스프,2018-07-04,5444801,https://movie.naver.com/movie/bi/mi/basic.nhn?code=144330,https://ssl.pstatic.net/imgmovie/mdi/mit110/1443/144330_P05_110325.jpg
마녀,2018-06-27,3188405,https://movie.naver.com/movie/bi/mi/basic.nhn?code=186657,https://ssl.pstatic.net/imgmovie/mdi/mit110/1866/186657_P01_113547.jpg
스카이스크래퍼,2018-07-11,999978,https://movie.naver.com/movie/bi/mi/basic.nhn?code=160375,https://ssl.pstatic.net/imgmovie/mdi/mit110/1603/160375_P06_173757.jpg
독전: 익스텐디드 컷,2018-07-18,136885,https://movie.naver.com/movie/bi/mi/basic.nhn?code=158178,https://ssl.pstatic.net/imgmovie/mdi/mit110/1581/158178_P57_114234.jpg
신은 죽지 않았다 3: 어둠 속의 빛,2018-07-19,63047,https://movie.naver.com/movie/bi/mi/basic.nhn?code=172344,https://ssl.pstatic.net/imgmovie/mdi/mit110/1723/172344_P10_103439.jpg
호텔 아르테미스,2018-07-18,64950,https://movie.naver.com/movie/bi/mi/basic.nhn?code=168030,https://ssl.pstatic.net/imgmovie/mdi/mit110/1680/168030_P17_104131.jpg
속닥속닥,2018-07-13,212507,https://movie.naver.com/movie/bi/mi/basic.nhn?code=172003,https://ssl.pstatic.net/imgmovie/mdi/mit110/1720/172003_P28_111928.jpg
미드나잇 선,2018-06-21,306647,https://movie.naver.com/movie/bi/mi/basic.nhn?code=143416,https://ssl.pstatic.net/imgmovie/mdi/mit110/1434/143416_P10_111257.jpg
변산,2018-07-04,480256,https://movie.naver.com/movie/bi/mi/basic.nhn?code=164151,https://ssl.pstatic.net/imgmovie/mdi/mit110/1641/164151_P53_104626.jpg
탐정: 리턴즈,2018-06-13,3132986,https://movie.naver.com/movie/bi/mi/basic.nhn?code=159892,https://ssl.pstatic.net/imgmovie/mdi/mit110/1598/159892_P42_111355.jpg
허스토리,2018-06-27,310759,https://movie.naver.com/movie/bi/mi/basic.nhn?code=167787,https://ssl.pstatic.net/imgmovie/mdi/mit110/1677/167787_P31_113629.jpg
빅샤크: 매직체인지,2018-06-27,124908,https://movie.naver.com/movie/bi/mi/basic.nhn?code=175365,https://ssl.pstatic.net/imgmovie/mdi/mit110/1753/175365_P12_104946.jpg
"오늘 밤, 로맨스 극장에서",2018-07-11,24419,https://movie.naver.com/movie/bi/mi/basic.nhn?code=170859,https://ssl.pstatic.net/imgmovie/mdi/mit110/1708/170859_P13_113709.jpg
쥬라기 월드: 폴른 킹덤,2018-06-06,5644952,https://movie.naver.com/movie/bi/mi/basic.nhn?code=154285,https://ssl.pstatic.net/imgmovie/mdi/mit110/1542/154285_P41_135031.jpg
시카리오: 데이 오브 솔다도,2018-06-27,208131,https://movie.naver.com/movie/bi/mi/basic.nhn?code=152680,https://ssl.pstatic.net/imgmovie/mdi/mit110/1526/152680_P03_101446.jpg
오션스8,2018-06-13,1326792,https://movie.naver.com/movie/bi/mi/basic.nhn?code=153675,https://ssl.pstatic.net/imgmovie/mdi/mit110/1536/153675_P08_114501.jpg
독전,2018-05-22,5053105,https://movie.naver.com/movie/bi/mi/basic.nhn?code=158178,https://ssl.pstatic.net/imgmovie/mdi/mit110/1581/158178_P57_114234.jpg
여중생A,2018-06-20,88662,https://movie.naver.com/movie/bi/mi/basic.nhn?code=168405,https://ssl.pstatic.net/imgmovie/mdi/mit110/1684/168405_P17_135233.jpg
아이 필 프리티,2018-06-06,213596,https://movie.naver.com/movie/bi/mi/basic.nhn?code=168017,https://ssl.pstatic.net/imgmovie/mdi/mit110/1680/168017_P30_153814.jpg
아일라,2018-06-21,23712,https://movie.naver.com/movie/bi/mi/basic.nhn?code=169240,https://ssl.pstatic.net/imgmovie/mdi/mit110/1692/169240_P15_113521.jpg
아바타,2009-12-17,13325055,https://movie.naver.com/movie/bi/mi/basic.nhn?code=164121,https://ssl.pstatic.net/imgmovie/mdi/mit110/1692/169240_P15_113521.jpg
유전,2018-06-07,167760,https://movie.naver.com/movie/bi/mi/basic.nhn?code=172420,https://ssl.pstatic.net/imgmovie/mdi/mit110/1724/172420_P11_102917.jpg
극장판 포켓몬스터DP - 디아루가 VS 펄기아 VS 다크라이,2018-06-06,173368,https://movie.naver.com/movie/bi/mi/basic.nhn?code=68291,https://ssl.pstatic.net/imgmovie/mdi/mit110/0682/68291_P22_141316.jpg
데드풀 2,2018-05-16,3777696,https://movie.naver.com/movie/bi/mi/basic.nhn?code=149236,https://ssl.pstatic.net/imgmovie/mdi/mit110/1492/149236_P30_154337.jpg
토니스토리2: 고철왕국의 친구들,2018-06-13,12415,https://movie.naver.com/movie/bi/mi/basic.nhn?code=174878,https://ssl.pstatic.net/imgmovie/mdi/mit110/1748/174878_P11_143134.jpg
어벤져스: 인피니티 워,2018-04-25,11176953,https://movie.naver.com/movie/bi/mi/basic.nhn?code=136900,https://ssl.pstatic.net/imgmovie/mdi/mit110/1369/136900_P57_104126.jpg
벅스 프렌즈,2018-06-06,27390,https://movie.naver.com/movie/bi/mi/basic.nhn?code=174804,https://ssl.pstatic.net/imgmovie/mdi/mit110/1748/174804_P11_104502.png
트루스 오어 데어,2018-05-22,309313,https://movie.naver.com/movie/bi/mi/basic.nhn?code=164183,https://ssl.pstatic.net/imgmovie/mdi/mit110/1641/164183_P00_162500.jpg
버닝,2018-05-17,521670,https://movie.naver.com/movie/bi/mi/basic.nhn?code=189276,https://ssl.pstatic.net/imgmovie/mdi/mit110/1892/189276_P07_165646.jpg
한 솔로: 스타워즈 스토리,2018-05-24,202950,https://movie.naver.com/movie/bi/mi/basic.nhn?code=144693,https://ssl.pstatic.net/imgmovie/mdi/mit110/1446/144693_P08_135331.jpg
피터 래빗,2018-05-16,364637,https://movie.naver.com/movie/bi/mi/basic.nhn?code=189361,https://ssl.pstatic.net/imgmovie/mdi/mit110/1893/189361_P01_173336.jpg
데자뷰,2018-05-30,41906,https://movie.naver.com/movie/bi/mi/basic.nhn?code=167100,https://ssl.pstatic.net/imgmovie/mdi/mit110/1671/167100_P27_113622.jpg
"스탠바이, 웬디",2018-05-30,30268,https://movie.naver.com/movie/bi/mi/basic.nhn?code=147388,https://ssl.pstatic.net/imgmovie/mdi/mit110/1473/147388_P08_095317.jpg
"안녕, 나의 소녀",2018-05-16,106529,https://movie.naver.com/movie/bi/mi/basic.nhn?code=179841,https://ssl.pstatic.net/imgmovie/mdi/mit110/1798/179841_P12_153806.jpg
레슬러,2018-05-09,765736,https://movie.naver.com/movie/bi/mi/basic.nhn?code=172151,https://ssl.pstatic.net/imgmovie/mdi/mit110/1721/172151_P01_140914.png
위 베어 베어스: 베이비 베어스,2018-05-24,13114,https://movie.naver.com/movie/bi/mi/basic.nhn?code=174806,https://ssl.pstatic.net/imgmovie/mdi/mit110/1748/174806_P01_095311.jpg
챔피언,2018-05-01,1117539,https://movie.naver.com/movie/bi/mi/basic.nhn?code=169347,https://ssl.pstatic.net/imgmovie/mdi/mit110/1693/169347_P41_140014.jpg
마징가 Z: 인피니티,2018-05-17,13924,https://movie.naver.com/movie/bi/mi/basic.nhn?code=170139,https://ssl.pstatic.net/imgmovie/mdi/mit110/1701/170139_P14_105838.jpg
당갈,2018-04-25,97632,https://movie.naver.com/movie/bi/mi/basic.nhn?code=157243,https://ssl.pstatic.net/imgmovie/mdi/mit110/1572/157243_P15_104207.jpg
"부르고뉴, 와인에서 찾은 인생",2018-05-03,37969,https://movie.naver.com/movie/bi/mi/basic.nhn?code=164684,https://ssl.pstatic.net/imgmovie/mdi/mit110/1646/164684_P13_114338.jpg
커다랗고 커다랗고 커다란 배,2018-05-03,89577,https://movie.naver.com/movie/bi/mi/basic.nhn?code=173466,https://ssl.pstatic.net/imgmovie/mdi/mit110/1734/173466_P18_102403.jpg
얼리맨,2018-05-03,116005,https://movie.naver.com/movie/bi/mi/basic.nhn?code=154251,https://ssl.pstatic.net/imgmovie/mdi/mit110/1542/154251_P17_113702.jpg
루비 스팍스,2018-05-10,18699,https://movie.naver.com/movie/bi/mi/basic.nhn?code=94131,https://ssl.pstatic.net/imgmovie/mdi/mit110/0941/94131_P20_113154.jpg
"그날, 바다",2018-04-12,534665,https://movie.naver.com/movie/bi/mi/basic.nhn?code=173653,https://ssl.pstatic.net/imgmovie/mdi/mit110/1736/173653_P13_103034.jpg
매직빈,2018-05-03,53877,https://movie.naver.com/movie/bi/mi/basic.nhn?code=171401,https://ssl.pstatic.net/imgmovie/mdi/mit110/1714/171401_P10_105037.jpg
레오나르도 다 빈치,2018-04-26,51218,https://movie.naver.com/movie/bi/mi/basic.nhn?code=173004,https://ssl.pstatic.net/imgmovie/mdi/mit110/1730/173004_P12_113829.jpg
원더스트럭,2018-05-03,13987,https://movie.naver.com/movie/bi/mi/basic.nhn?code=162874,https://ssl.pstatic.net/imgmovie/mdi/mit110/1628/162874_P17_105050.jpg
램페이지,2018-04-12,1372657,https://movie.naver.com/movie/bi/mi/basic.nhn?code=162249,https://ssl.pstatic.net/imgmovie/mdi/mit110/1622/162249_P12_113544.jpg
콰이어트 플레이스,2018-04-12,502875,https://movie.naver.com/movie/bi/mi/basic.nhn?code=189368,https://ssl.pstatic.net/imgmovie/mdi/mit110/1622/162249_P12_113544.jpg
살인소설,2018-04-25,38368,https://movie.naver.com/movie/bi/mi/basic.nhn?code=157974,https://ssl.pstatic.net/imgmovie/mdi/mit110/1579/157974_P09_112107.jpg
바람 바람 바람,2018-04-05,1191776,https://movie.naver.com/movie/bi/mi/basic.nhn?code=189388,https://ssl.pstatic.net/imgmovie/mdi/mit110/1893/189388_P01_170248.jpg
나를 기억해,2018-04-19,138198,https://movie.naver.com/movie/bi/mi/basic.nhn?code=158555,https://ssl.pstatic.net/imgmovie/mdi/mit110/1585/158555_P22_152940.jpg
레디 플레이어 원,2018-03-28,2246322,https://movie.naver.com/movie/bi/mi/basic.nhn?code=136898,https://ssl.pstatic.net/imgmovie/mdi/mit110/1368/136898_P05_175007.jpg
곤지암,2018-03-28,2662377,https://movie.naver.com/movie/bi/mi/basic.nhn?code=172454,https://ssl.pstatic.net/imgmovie/mdi/mit110/1724/172454_P62_140358.jpg
덕구,2018-04-05,292804,https://movie.naver.com/movie/bi/mi/basic.nhn?code=154667,https://ssl.pstatic.net/imgmovie/mdi/mit110/1546/154667_P13_152551.jpg
정글번치: 최강 악당의 등장,2018-04-19,31087,https://movie.naver.com/movie/bi/mi/basic.nhn?code=171403,https://ssl.pstatic.net/imgmovie/mdi/mit110/1714/171403_P14_113644.jpg
크리미널 스쿼드,2018-04-19,21562,https://movie.naver.com/movie/bi/mi/basic.nhn?code=168036,https://ssl.pstatic.net/imgmovie/mdi/mit110/1680/168036_P14_143754.jpg
지금 만나러 갑니다,2018-03-14,2586440,https://movie.naver.com/movie/bi/mi/basic.nhn?code=168298,https://ssl.pstatic.net/imgmovie/mdi/mit110/1682/168298_P26_135156.jpg
머니백,2018-04-12,40109,https://movie.naver.com/movie/bi/mi/basic.nhn?code=151241,https://ssl.pstatic.net/imgmovie/mdi/mit110/1512/151241_P60_115713.jpg
레이디 버드,2018-04-04,77198,https://movie.naver.com/movie/bi/mi/basic.nhn?code=187453,https://ssl.pstatic.net/imgmovie/mdi/mit110/1874/187453_P01_151439.jpg
7년의 밤,2018-03-28,513356,https://movie.naver.com/movie/bi/mi/basic.nhn?code=85578,https://ssl.pstatic.net/imgmovie/mdi/mit110/0855/85578_P34_170453.jpg
번개맨과 신비의 섬,2018-04-05,36416,https://movie.naver.com/movie/bi/mi/basic.nhn?code=165561,https://ssl.pstatic.net/imgmovie/mdi/mit110/1655/165561_P02_143545.jpg
콜 미 바이 유어 네임,2018-03-22,155275,https://movie.naver.com/movie/bi/mi/basic.nhn?code=158885,https://ssl.pstatic.net/imgmovie/mdi/mit110/1588/158885_P27_113537.jpg
퍼시픽 림: 업라이징,2018-03-21,1052386,https://movie.naver.com/movie/bi/mi/basic.nhn?code=125494,https://ssl.pstatic.net/imgmovie/mdi/mit110/1254/125494_P16_164850.jpg
리틀 포레스트,2018-02-28,1496204,https://movie.naver.com/movie/bi/mi/basic.nhn?code=154449,https://ssl.pstatic.net/imgmovie/mdi/mit110/1544/154449_P27_141613.jpg
미니특공대X,2018-03-22,83232,https://movie.naver.com/movie/bi/mi/basic.nhn?code=171440,https://ssl.pstatic.net/imgmovie/mdi/mit110/1714/171440_P01_175936.jpg
사라진 밤,2018-03-07,1314308,https://movie.naver.com/movie/bi/mi/basic.nhn?code=165026,https://ssl.pstatic.net/imgmovie/mdi/mit110/1650/165026_P37_150604.jpg
소공녀,2018-03-22,42346,https://movie.naver.com/movie/bi/mi/basic.nhn?code=171752,https://ssl.pstatic.net/imgmovie/mdi/mit110/1717/171752_P25_171403.jpg
치즈인더트랩,2018-03-14,220587,https://movie.naver.com/movie/bi/mi/basic.nhn?code=153620,https://ssl.pstatic.net/imgmovie/mdi/mit110/1536/153620_P91_102351.jpg
허리케인 하이스트,2018-03-14,209225,https://movie.naver.com/movie/bi/mi/basic.nhn?code=158631,https://ssl.pstatic.net/imgmovie/mdi/mit110/1586/158631_P31_100908.jpg
쓰리 빌보드,2018-03-15,76440,https://movie.naver.com/movie/bi/mi/basic.nhn?code=158610,https://ssl.pstatic.net/imgmovie/mdi/mit110/1586/158610_P05_112500.jpg
툼레이더,2018-03-08,516045,https://movie.naver.com/movie/bi/mi/basic.nhn?code=158601,https://ssl.pstatic.net/imgmovie/mdi/mit110/1586/158601_P10_165952.jpg
궁합,2018-02-28,1327441,https://movie.naver.com/movie/bi/mi/basic.nhn?code=141206,https://ssl.pstatic.net/imgmovie/mdi/mit110/1412/141206_P30_121806.jpg
셰이프 오브 워터: 사랑의 모양,2018-02-22,476151,https://movie.naver.com/movie/bi/mi/basic.nhn?code=158626,https://ssl.pstatic.net/imgmovie/mdi/mit110/1586/158626_P17_140725.jpg
블랙 팬서,2018-02-14,5376460,https://movie.naver.com/movie/bi/mi/basic.nhn?code=184516,https://ssl.pstatic.net/imgmovie/mdi/mit110/1586/158626_P17_140725.jpg
월요일이 사라졌다,2018-02-22,872181,https://movie.naver.com/movie/bi/mi/basic.nhn?code=118955,https://ssl.pstatic.net/imgmovie/mdi/mit110/1189/118955_P02_145812.jpg
온리 더 브레이브,2018-03-07,40003,https://movie.naver.com/movie/bi/mi/basic.nhn?code=151752,https://ssl.pstatic.net/imgmovie/mdi/mit110/1517/151752_P13_170724.jpg
더 포스트,2018-02-28,111760,https://movie.naver.com/movie/bi/mi/basic.nhn?code=190278,https://ssl.pstatic.net/imgmovie/mdi/mit110/1902/190278_P01_171136.jpg
플로리다 프로젝트,2018-03-07,41099,https://movie.naver.com/movie/bi/mi/basic.nhn?code=164719,https://ssl.pstatic.net/imgmovie/mdi/mit110/1647/164719_P16_104908.jpg
나미야 잡화점의 기적,2018-02-28,157331,https://movie.naver.com/movie/bi/mi/basic.nhn?code=159862,https://ssl.pstatic.net/imgmovie/mdi/mit110/1598/159862_P22_170530.jpg
레드 스패로,2018-02-28,81330,https://movie.naver.com/movie/bi/mi/basic.nhn?code=151744,https://ssl.pstatic.net/imgmovie/mdi/mit110/1517/151744_P14_142025.jpg
50가지 그림자: 해방,2018-02-21,191205,https://movie.naver.com/movie/bi/mi/basic.nhn?code=154598,https://ssl.pstatic.net/imgmovie/mdi/mit110/1545/154598_P01_104340.jpg
게이트,2018-02-28,75432,https://movie.naver.com/movie/bi/mi/basic.nhn?code=188088,https://ssl.pstatic.net/imgmovie/mdi/mit110/1880/188088_P01_112420.jpg
골든슬럼버,2018-02-14,1327592,https://movie.naver.com/movie/bi/mi/basic.nhn?code=158112,https://ssl.pstatic.net/imgmovie/mdi/mit110/1581/158112_P21_142329.jpg
조선명탐정: 흡혈괴마의 비밀,2018-02-08,2386716,https://movie.naver.com/movie/bi/mi/basic.nhn?code=165748,https://ssl.pstatic.net/imgmovie/mdi/mit110/1657/165748_P10_104852.jpg
흥부: 글로 세상을 바꾼 자,2018-02-14,404649,https://movie.naver.com/movie/bi/mi/basic.nhn?code=159805,https://ssl.pstatic.net/imgmovie/mdi/mit110/1598/159805_P45_171347.jpg
명탐정 코난:감벽의 관,2018-02-14,226287,https://movie.naver.com/movie/bi/mi/basic.nhn?code=66725,https://ssl.pstatic.net/imgmovie/mdi/mit110/0667/66725_P18_135651.jpg
패딩턴 2,2018-02-08,287876,https://movie.naver.com/movie/bi/mi/basic.nhn?code=146489,https://ssl.pstatic.net/imgmovie/mdi/mit110/1464/146489_P06_152222.jpg
코코,2018-01-11,3488960,https://movie.naver.com/movie/bi/mi/basic.nhn?code=182021,https://ssl.pstatic.net/imgmovie/mdi/mit110/1820/182021_P02_162103.jpg
그것만이 내 세상,2018-01-17,3368262,https://movie.naver.com/movie/bi/mi/basic.nhn?code=158180,https://ssl.pstatic.net/imgmovie/mdi/mit110/1581/158180_P104_110500.jpg
신과함께-죄와 벌,2017-12-20,14398110,https://movie.naver.com/movie/bi/mi/basic.nhn?code=85579,https://ssl.pstatic.net/imgmovie/mdi/mit110/0855/85579_P30_153304.jpg
인시디어스4: 라스트 키,2018-01-31,550239,https://movie.naver.com/movie/bi/mi/basic.nhn?code=158647,https://ssl.pstatic.net/imgmovie/mdi/mit110/1586/158647_P10_112604.jpg
염력,2018-01-31,978127,https://movie.naver.com/movie/bi/mi/basic.nhn?code=153651,https://ssl.pstatic.net/imgmovie/mdi/mit110/1536/153651_P51_105737.jpg
메이즈 러너: 데스 큐어,2018-01-17,2285434,https://movie.naver.com/movie/bi/mi/basic.nhn?code=149248,https://ssl.pstatic.net/imgmovie/mdi/mit110/1492/149248_P11_104328.jpg
12 솔져스,2018-01-31,205651,https://movie.naver.com/movie/bi/mi/basic.nhn?code=168037,https://ssl.pstatic.net/imgmovie/mdi/mit110/1680/168037_P33_141844.jpg
1987,2017-12-27,7218231,https://movie.naver.com/movie/bi/mi/basic.nhn?code=171664,https://ssl.pstatic.net/imgmovie/mdi/mit110/1716/171664_P01_174453.jpg
커뮤터,2018-01-24,277445,https://movie.naver.com/movie/bi/mi/basic.nhn?code=152249,https://ssl.pstatic.net/imgmovie/mdi/mit110/1522/152249_P34_145940.jpg
마야2,2018-02-01,55214,https://movie.naver.com/movie/bi/mi/basic.nhn?code=172009,https://ssl.pstatic.net/imgmovie/mdi/mit110/1720/172009_P11_104119.jpg
1급기밀,2018-01-24,164380,https://movie.naver.com/movie/bi/mi/basic.nhn?code=149504,https://ssl.pstatic.net/imgmovie/mdi/mit110/1495/149504_P22_100402.jpg
위대한 쇼맨,2017-12-20,1319279,https://movie.naver.com/movie/bi/mi/basic.nhn?code=106360,https://ssl.pstatic.net/imgmovie/mdi/mit110/1063/106360_P18_104023.jpg
비밥바룰라,2018-01-24,34470,https://movie.naver.com/movie/bi/mi/basic.nhn?code=151254,https://ssl.pstatic.net/imgmovie/mdi/mit110/1512/151254_P21_111103.jpg
극장판 레이디버그: 미라클스톤의 비밀,2018-01-25,26133,https://movie.naver.com/movie/bi/mi/basic.nhn?code=171727,https://ssl.pstatic.net/imgmovie/mdi/mit110/1717/171727_P14_110648.jpg
쥬만지: 새로운 세계,2018-01-03,1684650,https://movie.naver.com/movie/bi/mi/basic.nhn?code=152656,https://ssl.pstatic.net/imgmovie/mdi/mit110/1526/152656_P18_134507.jpg
페르디난드,2018-01-03,523246,https://movie.naver.com/movie/bi/mi/basic.nhn?code=160491,https://ssl.pstatic.net/imgmovie/mdi/mit110/1604/160491_P17_105152.jpg
원더,2017-12-27,204774,https://movie.naver.com/movie/bi/mi/basic.nhn?code=163834,https://ssl.pstatic.net/imgmovie/mdi/mit110/1638/163834_P01_150514.jpg
다운사이징,2018-01-11,148814,https://movie.naver.com/movie/bi/mi/basic.nhn?code=142272,https://ssl.pstatic.net/imgmovie/mdi/mit110/1422/142272_P24_134917.jpg
강철비,2017-12-14,4436231,https://movie.naver.com/movie/bi/mi/basic.nhn?code=188909,https://ssl.pstatic.net/imgmovie/mdi/mit110/1889/188909_P01_112113.jpg
"쏘아올린 불꽃, 밑에서 볼까? 옆에서 볼까?",2018-01-11,22051,https://movie.naver.com/movie/bi/mi/basic.nhn?code=165030,https://ssl.pstatic.net/imgmovie/mdi/mit110/1650/165030_P18_102523.jpg
극장판 포켓몬스터 너로 정했다!,2017-12-21,498530,https://movie.naver.com/movie/bi/mi/basic.nhn?code=165722,https://ssl.pstatic.net/imgmovie/mdi/mit110/1657/165722_P02_102505.jpg
몬스터 패밀리,2017-12-21,394152,https://movie.naver.com/movie/bi/mi/basic.nhn?code=163844,https://ssl.pstatic.net/imgmovie/mdi/mit110/1638/163844_P12_144955.jpg
뽀로로 극장판 공룡섬 대모험,2017-12-07,812674,https://movie.naver.com/movie/bi/mi/basic.nhn?code=169349,https://ssl.pstatic.net/imgmovie/mdi/mit110/1693/169349_P08_145715.jpg
스타워즈: 라스트 제다이,2017-12-14,946547,https://movie.naver.com/movie/bi/mi/basic.nhn?code=125488,https://ssl.pstatic.net/imgmovie/mdi/mit110/1254/125488_P20_135324.jpg
극장판 프리파라 모두의 동경♪ 렛츠고☆프리파리,2017-12-28,36450,https://movie.naver.com/movie/bi/mi/basic.nhn?code=168501,https://ssl.pstatic.net/imgmovie/mdi/mit110/1685/168501_P10_153422.jpg
메리와 마녀의 꽃,2017-12-07,527015,https://movie.naver.com/movie/bi/mi/basic.nhn?code=159037,https://ssl.pstatic.net/imgmovie/mdi/mit110/1590/159037_P21_102736.jpg
기억의 밤,2017-11-29,1385195,https://movie.naver.com/movie/bi/mi/basic.nhn?code=160399,https://ssl.pstatic.net/imgmovie/mdi/mit110/1603/160399_P90_133829.jpg
더 크리스마스,2017-12-21,31468,https://movie.naver.com/movie/bi/mi/basic.nhn?code=150688,https://ssl.pstatic.net/imgmovie/mdi/mit110/1506/150688_P30_101919.jpg
꾼,2017-11-22,3992574,https://movie.naver.com/movie/bi/mi/basic.nhn?code=152385,https://ssl.pstatic.net/imgmovie/mdi/mit110/1523/152385_P54_145138.jpg
오리엔트 특급 살인,2017-11-29,855662,https://movie.naver.com/movie/bi/mi/basic.nhn?code=154272,https://ssl.pstatic.net/imgmovie/mdi/mit110/1542/154272_P19_101456.jpg
어쌔신: 더 비기닝,2017-12-07,200817,https://movie.naver.com/movie/bi/mi/basic.nhn?code=100205,https://ssl.pstatic.net/imgmovie/mdi/mit110/1002/100205_P22_110404.jpg
극장판 숲의 요정 페어리루 ~크리스마스의 기적: 마법의 날개~,2017-12-14,40142,https://movie.naver.com/movie/bi/mi/basic.nhn?code=168508,https://ssl.pstatic.net/imgmovie/mdi/mit110/1685/168508_P07_145252.jpg
반드시 잡는다,2017-11-29,445609,https://movie.naver.com/movie/bi/mi/basic.nhn?code=155411,https://ssl.pstatic.net/imgmovie/mdi/mit110/1554/155411_P14_113823.jpg